{
    "Test_Metrics": {
        "accuracy": 0.9951612949371338,
        "loss": 0.009147179313004017,
        "precision": 0.9951612949371338,
        "recall": 0.9951612949371338,
        "top_2_accuracy": 1.0
    },
    "Macro_F1_Score": 0.20001287579179458,
    "Weighted_F1_Score": 0.20001101599737764,
    "Detailed_Report": {
        "Chickenpox": {
            "precision": 0.1941747572815534,
            "recall": 0.1941747572815534,
            "f1-score": 0.1941747572815534,
            "support": 103
        },
        "Cowpox": {
            "precision": 0.2079207920792079,
            "recall": 0.20588235294117646,
            "f1-score": 0.2068965517241379,
            "support": 102
        },
        "HFMD": {
            "precision": 0.19230769230769232,
            "recall": 0.1941747572815534,
            "f1-score": 0.19323671497584544,
            "support": 103
        },
        "Healthy": {
            "precision": 0.14423076923076922,
            "recall": 0.14423076923076922,
            "f1-score": 0.14423076923076922,
            "support": 104
        },
        "Measles": {
            "precision": 0.22115384615384615,
            "recall": 0.22115384615384615,
            "f1-score": 0.22115384615384615,
            "support": 104
        },
        "Monkeypox": {
            "precision": 0.2403846153846154,
            "recall": 0.2403846153846154,
            "f1-score": 0.2403846153846154,
            "support": 104
        },
        "accuracy": 0.2,
        "macro avg": {
            "precision": 0.2000287454062807,
            "recall": 0.20000018304558564,
            "f1-score": 0.20001287579179458,
            "support": 620
        },
        "weighted avg": {
            "precision": 0.2000251824189863,
            "recall": 0.2,
            "f1-score": 0.20001101599737764,
            "support": 620
        }
    },
    "Class_Names": [
        "Chickenpox",
        "Cowpox",
        "Healthy",
        "HFMD",
        "Measles",
        "Monkeypox"
    ],
    "Confusion_Matrix": [
        [
            20,
            17,
            17,
            19,
            15,
            15
        ],
        [
            14,
            21,
            11,
            17,
            20,
            19
        ],
        [
            18,
            15,
            20,
            19,
            16,
            15
        ],
        [
            18,
            20,
            20,
            15,
            14,
            17
        ],
        [
            19,
            11,
            19,
            19,
            23,
            13
        ],
        [
            14,
            17,
            17,
            15,
            16,
            25
        ]
    ],
    "Model_Config": {
        "Base_model": "MobileNetV2",
        "Image_size": [
            224,
            224,
            3
        ],
        "Number_Classes": 6,
        "Epochs_Frozen": 300,
        "Epochs_Fine": 300,
        "Initial_Lr_For_Transfer_Learning": 0.001,
        "Initial_Lr_For_Fine_Tuning": 1e-07
    }
}